{"type":"footer","name":"Footer","sections":{"ss_wave_2_KXq3ma":{"type":"ss-wave-2","disabled":true,"name":"SS - Wave #2","settings":{"wave_height":120,"wave_height_mobile":80,"wave_animation":true,"wave_rotate":false,"wave_color":"#333333","background_color":"#ffffff","background_gradient":"","border_color":"#333333","margin_top":0,"margin_bottom":0,"padding_top":0,"padding_bottom":0,"padding_horizontal":0,"padding_horizontal_mobile":0,"full_width":true,"content_width":120,"border_thickness":0}},"176427855734092fe4":{"type":"apps","settings":{"heading":"","heading_size":"h3","subheading":"","header_alignment":"center","container":"container","background_color":"","padding_top":0,"padding_bottom":0,"custom_class":""}},"footer":{"type":"footer","blocks":{"custom_text_kacrYX":{"type":"custom_text","settings":{"title":"","image":"shopify:\/\/shop_images\/rounded_1.png","image_max":"120px","description":"<p>Enter your email below to be the first to know about new collections and product launches.<\/p>","width":"25%","order_first":true,"open_default":false}},"spacing_4d6agY":{"type":"spacing","settings":{"width":"16%"}},"7ebc2f78-975b-4a81-b874-103c3355a866":{"type":"menu","settings":{"menu":"main-menu","title":"Quick Links","width":"25%","order_first":false,"open_default":false}},"49e72833-c68f-4a7b-ab64-3ef0cae99bcb":{"type":"menu","settings":{"menu":"main-menu-new","title":"Support Us On","width":"25%","order_first":false,"open_default":false}},"93571032-b171-4c66-8b3e-96cd91946363":{"type":"our_store","settings":{"title":"Contact","description":"","show_email":true,"show_phone":true,"show_socials_link":true,"width":"33%","order_first":false,"open_default":true}}},"block_order":["custom_text_kacrYX","spacing_4d6agY","7ebc2f78-975b-4a81-b874-103c3355a866","49e72833-c68f-4a7b-ab64-3ef0cae99bcb","93571032-b171-4c66-8b3e-96cd91946363"],"custom_css":[".m-footer--block-spacing {width: 10%;}",".m-newsletter-form {margin-top: 24px;}",".m-footer--block-newsletter .m-footer--block-title {font-weight: 400; font-size: 25px;}","@media (min-width: 1280px) {.m-footer--block-newsletter .m-footer--block-title {font-size: 36px; margin-bottom: 12px; } .m-footer__copyright, .m-footer--bottom-menu {font-size: 14px; }}"],"settings":{"color_scheme":"footer","design":"footer-1","container":"container-fluid","bordered":false,"copyright":"©2025 MOOVOGUE, All Rights Reserved.","show_country_selector":false,"show_currency_selector":false,"show_language_selector":false,"show_social_links":false,"enable_follow_on_shop":false,"show_payment_icons":true,"payment_icons_width":300,"footer_bottom_color_scheme":"footer","footer_bottom_menu":"","show_menu_item_divider":false}},"mobile-sticky-bar":{"type":"mobile-sticky-bar","disabled":true,"settings":{"show_mobile_sticky":true,"show_home_icon":true,"show_collection_icon":true,"show_cart_icon":true,"show_search_icon":true,"show_account_icon":false,"show_wishlist_icon":false}},"age-verifier-popup":{"type":"age-verifier-popup","blocks":{"block-1":{"type":"heading","settings":{"heading":"Confirm your age"}},"block-2":{"type":"text","settings":{"text":"<p>Are you 18 years old or older?<\/p>"}},"block-3":{"type":"buttons","settings":{"decline_button":"No, I'm not","approve_button":"Yes, I am"}}},"block_order":["block-1","block-2","block-3"],"disabled":true,"settings":{"design_mode":false,"enable":false,"bg_blur":true,"decline_heading":"Come back when you're older","decline_content":"<p>Sorry, the content of this store can't be seen by a younger audience. Come back when you're older.<\/p>","return_button":"Oops, I entered incorrectly"}}},"order":["ss_wave_2_KXq3ma","176427855734092fe4","footer","mobile-sticky-bar","age-verifier-popup"]}