{"type":"header","name":"Header","sections":{"annoucement":{"type":"annoucement","blocks":{"item_wYcWWD":{"type":"item","settings":{"message":"Free shipping for all orders from $60+","message_link":""}},"item_dGj4GU":{"type":"item","settings":{"message":"Free shipping for all orders from $60+","message_link":""}},"item_6Ycmkw":{"type":"item","settings":{"message":"Free shipping for all orders from $60+","message_link":""}}},"block_order":["item_wYcWWD","item_dGj4GU","item_6Ycmkw"],"custom_css":[".m-announcement-bar__container {--container-width: 600px;}"],"settings":{"container":"w-full","color_scheme":"scheme-09e5b5b4-774c-4b6c-8025-416ced49cc74","show_announcement":true,"homepage_only":true,"show_close":true,"show_divider":false,"show_nav":true,"autorotate":true,"autorotate_speed":3}},"header":{"type":"header","blocks":{"collection_list_qBFbdK":{"type":"collection-list","settings":{"heading":"SHOP","container":"inherit","collection_1":"hats","image_1":"shopify:\/\/shop_images\/Untitled_design_43.png","collection_2":"hooded","image_2":"shopify:\/\/shop_images\/Untitled_design_41.png","collection_3":"sweatshirt","image_3":"shopify:\/\/shop_images\/91572_omf_fl.jpg","collection_4":"polos-knits","image_4":"shopify:\/\/shop_images\/105890_oms_fl.jpg","collection_5":"shirt","image_5":"shopify:\/\/shop_images\/104178_omf_fl.jpg","collection_6":"jackets","image_6":"shopify:\/\/shop_images\/119993_oms_fl.jpg"}},"5e153016-a9d7-46c9-a10e-30d16446793d":{"type":"topbar","disabled":true,"settings":{"color_scheme":"","show_divider":true,"transparent_on_top":false,"show_phone_numb":false,"show_email":false,"show_social_links":true,"show_stores_page":false,"show_currency_switcher":false,"show_country_selector":true,"show_language_switcher":true,"alert_message":"<span>Open Doors To A World Of Fashion  |  <a class=\"m-link-underline\" href=\"#\">Discover More<\/a><span><\/span><\/span>"}}},"block_order":["collection_list_qBFbdK","5e153016-a9d7-46c9-a10e-30d16446793d"],"custom_css":[".m-topbar a[href*=\"facebook\"] {order: 2;}",".social-media-links {column-gap: 30px;}"],"settings":{"color_scheme":"default","color_scheme_menu":"default","header_design":"logo-left-menu-center","container":"container-fluid","sticky_header":"on_scroll_up","transparent_on_top":false,"transparent_text_color":"#ffffff","logo_text":"MOOVOGUE","logo":"shopify:\/\/shop_images\/tranparent_-_Copy.png","logo_mobile":"shopify:\/\/shop_images\/rounded.png","logo_svg":"","logo_mobile_svg":"","logo_transparent_svg":"","logo_max_width":120,"sticky_logo_max_width":120,"mobile_logo_max_width":110,"main_menu":"main-menu","secondary_menu":"","mobile_menu":"","uppercase_parent_level":true,"show_menu_column_divider":true,"search":"show_full","show_account_icon":true,"show_cart_icon":true,"show_wishlist_icon":false,"show_compare_icon":false,"show_currency_switcher":false,"show_country_selector":false,"show_language_switcher":false,"mb_show_currency_switcher":false,"mb_show_country_selector":false,"mb_show_language_switcher":false}}},"order":["annoucement","header"]}