{"current":{"favicon":"shopify:\/\/shop_images\/rounded_1.png","container_width":1200,"container_fluid_width":1540,"container_fluid_offset":65,"type_base_font":"inter_n4","use_custom_font_body":false,"custom_body_font":"https:\/\/cdn.shopify.com\/s\/files\/1\/0561\/2742\/2636\/files\/Jost-Regular.ttf?v=1618297125@400\nhttps:\/\/cdn.shopify.com\/s\/files\/1\/0561\/2742\/2636\/files\/Jost-Medium.ttf?v=1618297125@500\nhttps:\/\/cdn.shopify.com\/s\/files\/1\/0561\/2742\/2636\/files\/Jost-SemiBold.ttf?v=1618297125@600","custom_body_weight":"500","type_header_font":"roboto_n6","use_custom_font_heading":false,"custom_heading_font":"https:\/\/cdn.shopify.com\/s\/files\/1\/0561\/2742\/2636\/files\/Jost-Regular.ttf?v=1618297125@400\nhttps:\/\/cdn.shopify.com\/s\/files\/1\/0561\/2742\/2636\/files\/Jost-Medium.ttf?v=1618297125@500\nhttps:\/\/cdn.shopify.com\/s\/files\/1\/0561\/2742\/2636\/files\/Jost-SemiBold.ttf?v=1618297125@600","custom_heading_weight":"400","type_header_base_size":36,"btn_border_radius":100,"btn_weight":"500","bg_cart_wishlist_count":"#1e4fff","color_cart_wishlist_count":"#ffffff","img_overlay_opacity":20,"spacing_sections":0,"spacing_sections_mobile":0,"loading_color":"#1e4fff","loading_logo":"shopify:\/\/shop_images\/rounded_1.png","animations":"fade-in-up","pcard_layout":"5","pcard_alignment":"left","pcard_image_ratio":"3\/4","show_quickview_button":false,"show_wishlist_button":false,"show_compare_button":false,"show_badge_sale":true,"show_vendor":false,"article_image_aspect_ratio":"1\/1","article_show_date":false,"article_show_excerpt":true,"article_show_button":true,"variant_option_design1":"button","variant_option_design2":"color","variant_option_display_name2":"","variant_option_design3":"color","product_colors":"red: #ad1c26,\nyellow: #FDDA76,\nblack: #000000,\nblack band: #000000,\nblue: #8DB4D2,\ngreen: #C1E1C1,\npurple: #B19CD9,\nsilver: #EEEEEF,\nwhite: #FFFFFF,\nbrown: #836953,\nlight brown: #B5651D,\ndark turquoise: #23cddc,\norange: #FFB347,\ntan: #E9D1BF,\nviolet: #B490B0,\npink: #FFD1DC,\ngrey: #E0E0E0,\nsky: #96BDC6,\npale leaf: #CCD4BF,\nlight blue: #b1c5d4,\ndark grey: #aca69f,\nbeige: #EBE6DB,\nbeige band: #EED9C4,\ndark blue: #063e66,\ncream: #F1F2E2,\nlight pink: #FBCFCD,\nmint: #bedce3,\ndark gray: #3A3B3C,\nrosy brown: #c4a287,\nlight grey:#D3D3D3,\ncopper: #B87333,\nrose gold: #ECC5C0,\nnight blue: #151B54,\ncoral: #FF7F50,\nlight purple: #C6AEC7,\nivy green: #5b7763,\nsand: #f2d2a9,\npale grey: #878785,\nlead: #6c6b6c,\nheathered cashew: #bdb59f,\ncoca: #c7babd,\nheathered oat: #d3c1aa,\njean blue: #515d6d,\npelican: #e1d6c5,\ntoasted coconut: #9c7b58,\nnavy: #484d5b,\nheathered blue: #3c3c3c,\nheathered green: #534d36,\nheathered grey: #555c62,\nkalamata: #808487,\nslate grey: #484d5b,\ncharcoal: #8b8b8b,\nheathered charcoal: #8b8b8b,\nStone: #c2ae9e,\nRed: #ad1c26,\nBlack: #000000,\nPink: #FFC0CB,\nWhite: #FFFFFF,\nPink White Pink: #FFC0CB,\nMulticam Arid Brown: #8B7C5E,\nKelly White Kelly: #008C45,\nHeather White: #D9D9D9,\nGreen Camo Black: #556B2F,\nCharcoal Black: #41424A,\nCarolina Blue White Caroline Blue: #87AFFF,\nBrown White: #8B4513,\nBlack White: #000000,\nDark Chocolate: #3C302F,\nGrey Denim: #708090,\nBlack Denim: #1C1F26,\nHotpink: #FF69B4,\nBottle: #006A4E,\nHeliconia: #FF5FA2,\nRaspberry: #E55982,\nSafety Orange: #FF8C00,\nSafety Green: #00FF00,\nMint Green: #AFDDCC,\nHeather Dark Navy: #1F2A44,\nDark Heather: #555555,\nTrue Royal: #4169E1,\nMint: #AFDDCC,\nHeather Forest: #2C4639,\nGray: #808080,\nYam: #CC6600,\nMustard: #FFD700,\nIvory: #FFFFF0,\nEspresso: #3C302F,\nSport Grey: #A7A7A7,\nSky: #87CEEB,\nIrish Green: #009A44,\nCoral Silk: #FF7F50,\nBerry: #C3167C,\nNatural Heather: #D5C7B2,\nMauvelous: #E0B0FF,\nHeather: #BEBEBE,\nGranite Heather: #676767,\nCoyote Brown: #81613C,\nChill: #A3D7E1,\nParagon: #2A5CAA,\nOcean: #016064,\nFern: #4F7942,\nClay: #B66A50,\nCitrine: #E4D00A,\nAmethyst: #9966CC,\nLight Green: #90EE90,\nDenim: #2A3F54,\nCrimson: #DC143C,\nButter: #FFF4C2,\nBlue Spruce: #3A5F5F,\nHamp: #D2C7A3,\nOlive Strata: #6B8E23,\nHemp: #C2B280,\nTeam Purple: #5A2D82,\nHeather Peach: #F2C1A7,\nViolet: #8F00FF,\nPepper: #515151,\nOrchid: #DA70D6,\nCrunchberry: #FF6FAE,\nChalky Mint: #A8E6CF,\nBlue Jean: #5D7FA3,\nBlossom: #F7C6D9,\nMilitary Green: #4B5320,\nCharcoal Heather: #41424A,\nHeather Deep Teal: #225E63,\nDark Grey Heather: #555555,\nHeather Maroon: #800000,\nHeather Military Green: #4B5320,\nHeather True Royal: #4169E1,\nHeather Rasberry: #E55982,\nHeather Mauve: #C49BBB,\nAthletic Heather: #A9A9A9,\nSmoke: #738276,\nSand: #E2C9A6,\nPacific Blue: #1CA9C9,\nNeon Yellow: #FFFF33,\nHeather Steel: #7A7F84,\nHeather Navy: #1F2A44,\nCigar: #6A4F32,\nBright Pink: #FF1493,\nAtlantic Blue: #0F4C81,\nAsh: #B2BEB5,\nReal Coral: #FF7F50,\nHazy Blue: #7BAFD4,\nClear Mint: #BFFFE5,\nVivid Green: #00CC44,\nOnix: #353839,\nLight Purple: #D8B7DD,\nBurgundy: #800020,\nYellow: #FFFF00,\nDigital Red Camo: #8B0000,\nHeather Grey\/ White: #A7A7A7,\nHeather Grey\/ Black: #555555,\nWinter Green: #56806F,\nSunbeam: #FFD85A,\nSeaglass: #77DDE7,\nSage: #9CAF88,\nRobins Egg: #00CCCC,\nPutty: #D4C5A1,\nPetrol: #006A7A,\nPeach: #FFE5B4,\nNantucket Red: #C76F63,\nMelon Orange: #FFA36E,\nMacaroon: #F3D7B6,\nLaurel Green: #A9BA9D,\nFrost Grey: #D7D7D7,\nFog: #CBCED0,\nCerulean Blue: #2A52BE,\nCardinal: #C41E3A,\nBreaker Blue: #5BA4D0,\nAqua: #00FFFF,\nGreen Camo: #556B2F,\nStone: #C2AE9E,\nSpruce: #2C4F45,\nDark Grey: #555555,\nCranberry: #9E003A,\nGrey: #808080,\nCarbon: #333333,\nLight Pink: #FFCCDD,\nArmy: #4B5320,\nTurquoise: #40E0D0,\nSapphire: #0F52BA,\nLime: #00FF00,\nCarolina Blue: #87AFFF,\nAzalea: #FF77A8,\nNatural\/ Navy: #E6DCC5,\nNatural\/ Royal: #E6DCC5,\nNatural\/ Black: #E6DCC5,\nNatural\/ Red: #E6DCC5,\nNatural: #E6DCC5,\nRoyal Blue: #4169E1,\nLight Tan: #D2B48C,\nKhaki: #C3B091,\nBright Yellow: #FFFF33,\nRoyal: #4169E1,\nRed: #ad1c26,\nPurple: #800080,\nMaroon: #800000,\nLight Blue: #ADD8E6,\nLavender: #E6E6FA,\nKelly: #008C45,\nHot Pink: #FF69B4,\nGolden Yellow: #FFD700,\nForest: #228B22,\nCharcoal: #41424A,\nWhite: #FFFFFF,\nSilver: #C0C0C0,\nRose Gold: #B76E79,\nPink: #FFC0CB,\nOrange: #FFA500,\nNavy: #000080,\nGreen: #008000,\nGray: #808080,\nGold: #FFD700,\nClear: #FFFFFF,\nBrown: #8B4513,\nBronze: #CD7F32,\nBlue: #0000FF,\nBlack: #000000,\nBeige: #F5F5DC","filter_color1":"Gingham","filter_color2":"flannel","filter_color3":"floral","preorder_badge_color_scheme":"default","share_facebook":true,"share_pinterest":false,"contact_phone_number":"+84 (0)6572638555","contact_email":"info@moovogue.com","social_twitter_link":"","social_twitter_label":"","social_facebook_link":"https:\/\/facebook.com\/","social_facebook_label":"300k Followers","social_pinterest_link":"","social_pinterest_label":"","social_instagram_link":"https:\/\/instagram.com\/","social_instagram_label":"","social_snapchat_link":"","social_youtube_link":"","social_tiktok_link":"https:\/\/www.tiktok.com\/","cart_notes_enable":false,"discount_code_enable":false,"cart_estimate_shipping":false,"show_delivery_days":true,"popular_search_queries":"","wishlist_page":"wishlist","product_compare_page":"product-compare","show_cookie_consent":false,"cookie_design_mode":false,"cookie_consent_placement":"bottom","cookie_consent_theme":"black","custom_css":".m-topbar a[href*=\"pinterest\"],\n.m-topbar a[href*=\"twitter\"], .m-topbar a[href*=\"snapchat\"], .m-topbar a[href*=\"youtube\"],.m-topbar a[href*=\"tiktok\"]  {\n\tdisplay: none;\n}\nbody .m-product-card__tag-name {\n  font-size: 12px;\n  font-weight: 500;\n  text-transform: capitalize;\n  padding: 4px 10px;\n  border-radius: 40px;\n}\n.m-icon-box--small {\n  border-top: 1px solid rgb(var(--color-border));\n}\n.m-icon-box--small .m-icon-box__heading {\n  line-height: 26px;\n  font-size: 18px;\n  margin-bottom: 6px;\n}\nbody .m-footer--block .social-media-links {\n  gap: 12px;\n  margin: 0;\n  padding: 5px 0;\n}\n\nbody .m-footer--block .social-media-links a {\n  color: #222;\n  width: 48px;\n  height: 48px;\n  padding: 0;\n  display: inline-flex;\n  align-items: center;\n  justify-content: center;\n  border-radius: 50%;\n  background-color: #E9E9E9;\n  transition: all .3s;\n}\n\nbody .m-footer--block .social-media-links a:hover {\n  background-color: #222;\n  color: #fff;\n  box-shadow: 0 0 0 0.2rem #222;\n}","enable_page_transition":true,"show_variant_swatch_image":true,"use_theme_currencies":true,"theme_currencies":"USD | EUR | GBP | VND","content_for_index":[],"blocks":{"15875385031263978153":{"type":"shopify:\/\/apps\/pc-product-options\/blocks\/pc-embed-customizer\/6857ca6c-35eb-4b6f-9d58-a039f31d9406","disabled":true,"settings":{"pc_container_size":100,"pc_show_options_total":"initial","pc_customizations_total_text":"Customizations Total:","pc_show_preloader":"hide","pc_preloader_color":"","pc_ignore_redirect_command":true,"pc_basic_label_text_color":"#000000","pc_basic_label_font_size":14,"pc_basic_label_bolden":"unset","pc_basic_label_space_above":0,"pc_basic_option_background_color":"#FFFFFF","pc_basic_option_text_color":"#000000","pc_basic_option_border_color":"#000000","pc_basic_option_border_style":"solid","pc_basic_option_border_width":1,"pc_basic_option_curve_the_corners":"none","pc_basic_option_font_size":14,"pc_basic_option_bolden":"none","pc_basic_option_width":100,"pc_basic_option_space_above":0,"pc_basic_option_space_below":0,"pc_basic_option_space_inside":10,"pc_advanced_custom_css_full":"\/*PRODUCT*\/\n\n\/*PRODUCT*\/\n\n\n\/*CART*\/\n\n\/*CART*\/","pc_advanced_custom_js_full":"\/*PRODUCT*\/\n\n\/*PRODUCT*\/\n\n\n\/*CART*\/\n\n\/*CART*\/","pc_show_image_swatch_preview":false}},"15683396631634586217":{"type":"shopify:\/\/apps\/inbox\/blocks\/chat\/841fc607-4181-4ad1-842d-e24d7f8bad6b","disabled":true,"settings":{"button_color":"#1e4fff","secondary_color":"#ffffff","ternary_color":"#222222","button_icon":"chat_bubble","button_text":"no_text","button_horizontal_position":"bottom_left","button_vertical_position":"higher","greeting_message":""}},"8208493610395315515":{"type":"shopify:\/\/apps\/dondy-whatsapp-chat-marketing\/blocks\/app-block\/7f5a70cb-e171-4cc7-ac02-e2220203abd6","disabled":false,"settings":{}}},"color_schemes":{"default":{"settings":{"background":"#ffffff","background_secondary":"#f5f5f5","background_gradient":"","text":"#222222","subtext":"#222222","heading_text":"#222222","button":"#1e4fff","button_label":"#ffffff","outline_button_label":"#1e4fff","button_hover":"#1e4fff","button_text_hover":"#ffffff","price_sale":"#e84e4e","price_regular":"#000000","form_field":"#ffffff","form_field_label":"#000000","tooltip":"#1e4fff","tooltip_label":"#ffffff","border":"#eeeeee"}},"dark":{"settings":{"background":"#000000","background_secondary":"#f5f5f5","background_gradient":"","text":"#ffffff","subtext":"#ffffff","heading_text":"#ffffff","button":"#1e4fff","button_label":"#ffffff","outline_button_label":"#1e4fff","button_hover":"#1e4fff","button_text_hover":"#ffffff","price_sale":"#e84e4e","price_regular":"#ffffff","form_field":"#ffffff","form_field_label":"#222222","tooltip":"#ffffff","tooltip_label":"#222222","border":"#4b4b4b"}},"footer":{"settings":{"background":"#333333","background_secondary":"#36454f","background_gradient":"","text":"#ffffff","subtext":"#ffffff","heading_text":"#ffffff","button":"#1e4fff","button_label":"#000000","outline_button_label":"#222222","button_hover":"#ffffff","button_text_hover":"#000000","price_sale":"#e84e4e","price_regular":"#000000","form_field":"#ffffff","form_field_label":"#000000","tooltip":"#222222","tooltip_label":"#ffffff","border":"#ffffff"}},"badge-hot":{"settings":{"background":"#ffffff","background_secondary":"#f5f5f5","background_gradient":"","text":"#222222","subtext":"#222222","heading_text":"#222222","button":"#5576d1","button_label":"#ffffff","outline_button_label":"#ffffff","button_hover":"#ffffff","button_text_hover":"#222222","price_sale":"#ffffff","price_regular":"#ffffff","form_field":"#ffffff","form_field_label":"#000000","tooltip":"#ffffff","tooltip_label":"#222222","border":"#dedede"}},"badge-new":{"settings":{"background":"#f5f8ff","background_secondary":"#f5f5f5","background_gradient":"","text":"#222222","subtext":"#222222","heading_text":"#222222","button":"#ffffff","button_label":"#222222","outline_button_label":"#ffffff","button_hover":"#ffffff","button_text_hover":"#222222","price_sale":"#ffffff","price_regular":"#ffffff","form_field":"#ffffff","form_field_label":"#000000","tooltip":"#ffffff","tooltip_label":"#222222","border":"#dedede"}},"badge-sale":{"settings":{"background":"#da3f3f","background_secondary":"#f5f5f5","background_gradient":"","text":"#ffffff","subtext":"#ffffff","heading_text":"#ffffff","button":"#ffffff","button_label":"#222222","outline_button_label":"#ffffff","button_hover":"#ffffff","button_text_hover":"#222222","price_sale":"#ffffff","price_regular":"#ffffff","form_field":"#ffffff","form_field_label":"#000000","tooltip":"#ffffff","tooltip_label":"#222222","border":"#dedede"}},"scheme-cee058e4-58e3-46aa-9af9-219dadc79066":{"settings":{"background":"#f4f4f4","background_secondary":"#f5f5f5","background_gradient":"","text":"#222222","subtext":"#666666","heading_text":"#222222","button":"#000000","button_label":"#ffffff","outline_button_label":"#000000","button_hover":"#222222","button_text_hover":"#ffffff","price_sale":"#e84e4e","price_regular":"#000000","form_field":"#f2f2f2","form_field_label":"#000000","tooltip":"#222222","tooltip_label":"#ffffff","border":"#f5f5f5"}},"scheme-09e5b5b4-774c-4b6c-8025-416ced49cc74":{"settings":{"background":"#1e4fff","background_secondary":"#f5f5f5","background_gradient":"","text":"#ffffff","subtext":"#666666","heading_text":"#222222","button":"#07226b","button_label":"#ffffff","outline_button_label":"#000000","button_hover":"#222222","button_text_hover":"#ffffff","price_sale":"#e84e4e","price_regular":"#000000","form_field":"#ffffff","form_field_label":"#000000","tooltip":"#222222","tooltip_label":"#ffffff","border":"#eeeeee"}},"scheme-8cc3361c-7da8-44ae-a11e-5fd263a6f34d":{"settings":{"background":"#e9eeff","background_secondary":"#f5f5f5","background_gradient":"","text":"#000000","subtext":"#000000","heading_text":"#000000","button":"#1e4fff","button_label":"#ffffff","outline_button_label":"#1e4fff","button_hover":"#1e4fff","button_text_hover":"#ffffff","price_sale":"#1e4fff","price_regular":"#000000","form_field":"#e9eeff","form_field_label":"#000000","tooltip":"#1e4fff","tooltip_label":"#ffffff","border":"#eeeeee"}}}},"platform_customizations":{"custom_css":[".m-section__subheading,.m-richtext__subtitle {font-weight: 500; font-size: 18px;}",".m-section__header {--m-section-header-spacing-bottom: 40px;}",".m-button--link {--btn-link-border: 1px;}"]}}