{"sections":{"collection-header":{"type":"collection-page-header","disabled":true,"settings":{"color_scheme":"dark","container":"container-fluid","layout":"inside","image_position":"background","enable_parallax":false,"parallax_direction":"vertical","text_alignment":"center","text_color":"inherit","upper_title":false,"show_desc":true,"collection_all_desc":"","padding_top":36,"padding_bottom":50,"enable_bg_zoom_effect":true}},"main":{"type":"main-collection-product-grid","blocks":{"filter_aPYhdM":{"type":"filter","disabled":true,"settings":{"design_filtergroup":"default","title":"Age","filtergroup":"Adult, Toddler, Youth","show_label":true,"use_accordion":true,"open_filtergroup":true}},"collections_4aDbYz":{"type":"collections","settings":{"title":"All Categories","menu":"shop-silde-bar","show_image":false,"use_accordion":true,"open_filtergroup":true}},"collections_VHnipr":{"type":"collections","settings":{"title":"Aprons","menu":"apron","show_image":false,"use_accordion":true,"open_filtergroup":false}},"collections_4jptgc":{"type":"collections","settings":{"title":"Hats","menu":"hats","show_image":false,"use_accordion":true,"open_filtergroup":false}},"collections_fX9LFw":{"type":"collections","settings":{"title":"Hooded","menu":"hooded","show_image":false,"use_accordion":true,"open_filtergroup":false}},"collections_MNNaa4":{"type":"collections","settings":{"title":"Jackets","menu":"jackets","show_image":false,"use_accordion":true,"open_filtergroup":false}},"collections_cNgB4J":{"type":"collections","settings":{"title":"Polos & Knits","menu":"polos-knits","show_image":false,"use_accordion":true,"open_filtergroup":false}},"collections_4BMz9Q":{"type":"collections","settings":{"title":"Shirts","menu":"shirts","show_image":false,"use_accordion":true,"open_filtergroup":false}},"collections_HQqXJx":{"type":"collections","settings":{"title":"SweatPants","menu":"sweatpants","show_image":false,"use_accordion":true,"open_filtergroup":false}},"collections_LpCm3A":{"type":"collections","settings":{"title":"SweatShirt","menu":"sweatshirt","show_image":false,"use_accordion":true,"open_filtergroup":false}},"collections_dQFB3c":{"type":"collections","settings":{"title":"Zip","menu":"zip","show_image":false,"use_accordion":true,"open_filtergroup":false}}},"block_order":["filter_aPYhdM","collections_4aDbYz","collections_VHnipr","collections_4jptgc","collections_fX9LFw","collections_MNNaa4","collections_cNgB4J","collections_4BMz9Q","collections_HQqXJx","collections_LpCm3A","collections_dQFB3c"],"custom_css":[".m-banner-promotion {order: 3 !important; margin-top: 30px; margin-bottom: 0;}",".m-collection-filters-form {margin-bottom: 0;}"],"settings":{"container":"container-fluid","grid_layout":"grid","grid_columns":"4","show_columns_switcher":true,"pagination_limit":16,"paginate_type":"paginate","show_sorting":true,"show_filter":true,"filters_type":"tags_filter","sidebar":"leftColumn","sidebar_title":"Filters","limit_height_widget":true,"limit_height":300,"change_product_variant_on_fitlering":true,"show_product_count":true,"collapsed_groups":"Product type, Brand, Vendor, Size","color_swatches":"color,colour,couleur,farbe","color_swatches_design":"list"}}},"order":["collection-header","main"]}