{"sections":{"1764195003e73c61c9":{"type":"_blocks","blocks":{"ai_gen_block_1f35615_iyM6t6":{"type":"ai_gen_block_1f35615","settings":{"overlay_opacity":0,"decorative_shape":"shopify:\/\/shop_images\/ab3.png","decorative_size":260,"decorative_opacity":100,"decorative_position_top":55,"decorative_position_right":50,"container_width":1450,"grid_gap":20,"section_padding_top":40,"section_padding_bottom":10,"section_padding_horizontal":60,"top_text":"Special Customization","top_text_size":14,"main_heading":"Design Clothes That Define You","heading_size":72,"sub_text":"Explore our latest collection of premium products designed for modern living.","subtext_size":16,"cta_label":"Shop Now","cta_link":"shopify:\/\/collections\/all","button_font_size":16,"button_padding_vertical":14,"button_padding_horizontal":28,"button_border_radius":50,"button_bg_color":"#1e4fff","button_text_color":"#ffffff","button_hover_bg_color":"#333333","button_hover_text_color":"#ffffff","show_benefits":true,"benefit_icon_size":40,"benefit_title_size":16,"benefit_desc_size":14,"benefit_1_icon":"shopify:\/\/shop_images\/express-delivery.png","benefit_1_title":"Free Shipping","benefit_1_description":"On orders over $50","benefit_2_icon":"shopify:\/\/shop_images\/headphone.png","benefit_2_title":"24\/7 Support","benefit_2_description":"Always Here To Help","card_gap":18,"card_border_radius":12,"card_aspect_ratio":"4 \/ 10","card_text_size":14,"card_button_font_size":13,"card_button_border_radius":6,"card_button_bg_color":"#1e4fff","card_button_text_color":"#ffffff","card_button_hover_bg_color":"#000000","card_button_hover_text_color":"#ffffff","card_1_image":"shopify:\/\/shop_images\/Get_a_premium_white_sweater_mockup_on_a_black_background.jpg","card_1_text":"","card_1_button_label":"Sweatshirt","card_1_button_link":"shopify:\/\/collections\/sweatshirt","card_2_image":"shopify:\/\/shop_images\/Untitled_design_28.png","card_2_text":"","card_2_button_label":"Hooded","card_2_button_link":"shopify:\/\/collections\/hooded","card_3_image":"shopify:\/\/shop_images\/Untitled_design_26.png","card_3_text":"","card_3_button_label":"Shirt","card_3_button_link":"shopify:\/\/collections\/shirt","text_color":"#1e4fff","heading_color":"#222222"},"blocks":{}}},"block_order":["ai_gen_block_1f35615_iyM6t6"],"settings":{}},"ss_wave_2_AC9bV3":{"type":"ss-wave-2","name":"SS - Wave #2","settings":{"wave_height":108,"wave_height_mobile":30,"wave_animation":true,"wave_rotate":false,"wave_color":"#e9eeff","background_color":"#ffffff","background_gradient":"","border_color":"#e9eeff","margin_top":0,"margin_bottom":0,"padding_top":0,"padding_bottom":0,"padding_horizontal":0,"padding_horizontal_mobile":0,"full_width":true,"content_width":120,"border_thickness":0}},"1621243260e1af0c20":{"type":"slider","blocks":{"1621243260e1af0c20-2":{"type":"slider_item","settings":{"background":"shopify:\/\/shop_images\/Untitled_design_19.png","content_in_container":false,"content_position":"left middle","text_alignment":"left","text_size":"large","text_color":"white","subheading":"Your Design, Your Apparel","title":"Unleash Your <br> Creativity","description":"","image_link":"","button_text":"Shop Now","button_link":"","button_style":"m-button--primary","button_size":"","second_button_text":"","second_button_link":"","second_button_style":"m-button--primary","second_button_size":"","show_footer":false,"footer_alignment":"end","footer_text":"","footer_button":"Shop Now","footer_link":""}},"slider_item_3CmDhV":{"type":"slider_item","settings":{"background":"shopify:\/\/shop_images\/Untitled_design_19.png","content_in_container":false,"content_position":"left middle","text_alignment":"left","text_size":"large","text_color":"white","subheading":"Your Design, Your Apparel","title":"Your creativity is <br> the only limit","description":"","image_link":"","button_text":"Shop Now","button_link":"","button_style":"m-button--primary","button_size":"","second_button_text":"","second_button_link":"","second_button_style":"m-button--primary","second_button_size":"","show_footer":false,"footer_alignment":"end","footer_text":"","footer_button":"Shop Now","footer_link":""}},"1621243260e1af0c20-0":{"type":"slider_item","disabled":true,"settings":{"background":"shopify:\/\/shop_images\/Untitled_design_15.png","content_in_container":false,"content_position":"left middle","text_alignment":"left","text_size":"large","text_color":"black","subheading":"New Arrivals","title":"Venice Haute <br>\nCouture","description":"","image_link":"","button_text":"Shop Now","button_link":"","button_style":"m-button--white","button_size":"","second_button_text":"","second_button_link":"","second_button_style":"m-button--primary","second_button_size":"","show_footer":false,"footer_alignment":"end","footer_text":"The ReCotton Tee","footer_button":"Shop Now","footer_link":""}},"1621243260e1af0c20-1":{"type":"slider_item","settings":{"background":"shopify:\/\/shop_images\/Untitled_design_17.png","content_in_container":false,"content_position":"left middle","text_alignment":"left","text_size":"large","text_color":"white","subheading":"Your Design, Your Apparel","title":"Unleash Your <br> Creativity","description":"","image_link":"","button_text":"Shop Now","button_link":"","button_style":"m-button--primary","button_size":"","second_button_text":"","second_button_link":"","second_button_style":"m-button--primary","second_button_size":"","show_footer":false,"footer_alignment":"end","footer_text":"","footer_button":"Shop Now","footer_link":""}}},"block_order":["1621243260e1af0c20-2","slider_item_3CmDhV","1621243260e1af0c20-0","1621243260e1af0c20-1"],"disabled":true,"settings":{"container":"w-full","slideshow_height":"fullscreen","show_overlay":false,"dots_position":"right","dots_color":"dark","show_dots":true,"show_arrows":false,"autorotate":true,"autorotate_speed":4,"use_content_above":false,"custom_class":"sf-home__slideshow","animations":"inherit"}},"scrolling_promotion_jjrFyf":{"type":"scrolling-promotion","blocks":{"image_LqzGfW":{"type":"image","settings":{"image":"shopify:\/\/shop_images\/t-shirt.png","image_height":30,"image_link":""}},"announcement_w3tNiH":{"type":"announcement","settings":{"custom_svg":"","icon_size":"small","text":"New Design Tools Just Launched!","text_size":16,"text_link":""}},"image_aechAb":{"type":"image","settings":{"image":"shopify:\/\/shop_images\/quality.png","image_height":30,"image_link":""}},"announcement_3TBaQA":{"type":"announcement","settings":{"custom_svg":"","icon_size":"small","text":"Perfect for Teams, Events, and Merch Lines","text_size":16,"text_link":""}},"image_Yp6kWa":{"type":"image","settings":{"image":"shopify:\/\/shop_images\/shopping-cart.png","image_height":30,"image_link":""}},"announcement_AqfAMq":{"type":"announcement","settings":{"custom_svg":"","icon_size":"small","text":"High-Quality, Durable Custom Prints","text_size":16,"text_link":""}}},"block_order":["image_LqzGfW","announcement_w3tNiH","image_aechAb","announcement_3TBaQA","image_Yp6kWa","announcement_AqfAMq"],"custom_css":[".m-scrolling-promotion-section {border-width: 1px 0 1px 0; border-color: rgb(var(--color-border));}","@media (max-width: 767px) {.m-promotion__text {font-size: 30px; } .m-promotion__item img {--image-height: 70px; } .m-section-py {padding-top: 15px; padding-bottom: 15px; }}"],"settings":{"container":"w-full","direction":"left","speed":30,"item_gap":40,"item_gap_mobile":20,"color_scheme":"scheme-8cc3361c-7da8-44ae-a11e-5fd263a6f34d","padding_top":8,"padding_bottom":8,"custom_class":""}},"16225316461d1cff80":{"type":"collection-list","blocks":{"collection_block_FQeiiQ":{"type":"collection_block","settings":{"collection":"shirt","title":"","item_image":"shopify:\/\/shop_images\/Ice_Silk_Round_Neck_T-Shirt.jpg"}},"collection_block_y6QDxw":{"type":"collection_block","settings":{"collection":"zip","title":"","item_image":"shopify:\/\/shop_images\/Untitled_design_37.png"}},"65e38235-f03b-43c9-8590-38c9c656e51c":{"type":"collection_block","settings":{"collection":"polos-knits","title":"Polos & Knits","item_image":"shopify:\/\/shop_images\/Untitled_design_30.png"}},"694c01c9-a95f-4c09-9cf0-ec75f0131e98":{"type":"collection_block","settings":{"collection":"jackets","title":"Jackets","item_image":"shopify:\/\/shop_images\/119995_omf_fl_2da4d4ee-f027-4179-a99c-71b6fea98869.jpg"}},"16225316461d1cff80-1":{"type":"collection_block","settings":{"collection":"bags","title":"Bags","item_image":"shopify:\/\/shop_images\/Untitled_design_36.png"}},"6d4abb37-5aa2-4499-a2b0-5d85f0d36eec":{"type":"collection_block","settings":{"collection":"hats","title":"HatHat's","item_image":"shopify:\/\/shop_images\/Untitled_design_35.png"}},"collection_block_VyLdqi":{"type":"collection_block","settings":{"collection":"hooded","title":"","item_image":"shopify:\/\/shop_images\/Untitled_design_28.png"}},"collection_block_fTJcXM":{"type":"collection_block","settings":{"collection":"sweatshirt","title":"","item_image":"shopify:\/\/shop_images\/Untitled_design_34.png"}},"collection_block_Fm3cjU":{"type":"collection_block","settings":{"collection":"sweatpants","title":"","item_image":"shopify:\/\/shop_images\/Untitled_design_33.png"}},"collection_block_YczW4e":{"type":"collection_block","disabled":true,"settings":{"collection":"towels","title":""}}},"block_order":["collection_block_FQeiiQ","collection_block_y6QDxw","65e38235-f03b-43c9-8590-38c9c656e51c","694c01c9-a95f-4c09-9cf0-ec75f0131e98","16225316461d1cff80-1","6d4abb37-5aa2-4499-a2b0-5d85f0d36eec","collection_block_VyLdqi","collection_block_fTJcXM","collection_block_Fm3cjU","collection_block_YczW4e"],"custom_css":[".m-collection-card__title {font-weight: 400;}","@media (max-width: 767px) {.m-slider-controls[class*=\"-bottom-left\"], .m-section__header {text-align: center; }}"],"settings":{"heading":"Shop by Categories","heading_size":"h2","subheading":"","description":"","header_alignment":"left","color_scheme":"scheme-8cc3361c-7da8-44ae-a11e-5fd263a6f34d","container":"container-fluid","layout":"grid","expanded":true,"card_style":"standard","text_alignment":"center","hover_effect":"scaling-up","show_product_count":false,"count_inline_title":false,"image_rounded":false,"items_per_row":3,"item_gap":40,"enable_slider":true,"show_pagination":true,"show_navigation":false,"autorotate":false,"autorotate_speed":4,"mobile_disable_slider":true,"use_scroll_mobile":false,"mobile_gap":16,"hidden_slide_control_mobile":false,"padding_top":100,"padding_bottom":100,"custom_class":"sf-home__collection-list","animations":"inherit"}},"ss_wave_2_b34ink":{"type":"ss-wave-2","name":"SS - Wave #2","settings":{"wave_height":108,"wave_height_mobile":30,"wave_animation":true,"wave_rotate":true,"wave_color":"#e9eeff","background_color":"#ffffff","background_gradient":"","border_color":"#e9eeff","margin_top":0,"margin_bottom":0,"padding_top":0,"padding_bottom":0,"padding_horizontal":0,"padding_horizontal_mobile":0,"full_width":true,"content_width":120,"border_thickness":0}},"162251092958fcda7c":{"type":"product-tabs","blocks":{"tab_VRwpmA":{"type":"tab","settings":{"title":"Polos & Knits","collection":"polos-knits"}},"tab_QH3tmj":{"type":"tab","settings":{"title":"Shirts","collection":"shirt"}},"tab_7AJkfc":{"type":"tab","settings":{"title":"SweatShirts","collection":"sweatshirt"}},"tab_9AMtHx":{"type":"tab","settings":{"title":"Hooded","collection":"hooded"}},"tab_fYmw8d":{"type":"tab","settings":{"title":"Zip","collection":"zip"}},"162251092958fcda7c-1":{"type":"tab","settings":{"title":"Hats","collection":"hats"}},"tab_CC79F9":{"type":"tab","settings":{"title":"Bag's","collection":"bags"}},"tab_fp6RDC":{"type":"tab","settings":{"title":"Aprons","collection":"aprons"}},"tab_96mczw":{"type":"tab","settings":{"title":"Towels","collection":"towels"}}},"block_order":["tab_VRwpmA","tab_QH3tmj","tab_7AJkfc","tab_9AMtHx","tab_fYmw8d","162251092958fcda7c-1","tab_CC79F9","tab_fp6RDC","tab_96mczw"],"custom_css":[".m-section__header {--m-section-header-spacing-bottom: 60px;}"],"settings":{"heading":"Essentials for Every Style","heading_size":"h2","subheading":"","description":"","header_alignment":"left","container":"container-fluid","color_scheme":"default","tab_header":"horizontal","limit":10,"show_button":true,"button_type":"link","button_label":"View All","button_style":"m-button--primary","button_size":"","pcard_layout":"","pcard_image_ratio":"","show_vendor":false,"items_per_row":4,"item_gap":30,"enable_slider":true,"show_navigation":true,"show_pagination":false,"mobile_disable_slider":false,"use_scroll_mobile":false,"item_gap_mobile":16,"padding_top":30,"padding_bottom":28,"custom_class":"sf-home__product-tab","animations":"inherit"}},"icon_box_QcMbnT":{"type":"icon-box","blocks":{"iconbox_y8fA7K":{"type":"iconbox","settings":{"image":"shopify:\/\/shop_images\/WhatsApp_Image_2025-08-03_at_22.21.47_75dccc7d.jpg","image_by_url":"","title":"Screen Printing","description":"<p>Screen printing transfers ink through a stenciled mesh screen, ideal for bold prints with few colors, offering durability and long-lasting designs, perfect for bulk orders and promotional items.<\/p>","link":"","button_label":"","button_link":"","button_style":"m-button--link","button_size":""}},"iconbox_nHnJXp":{"type":"iconbox","settings":{"image":"shopify:\/\/shop_images\/WhatsApp_Image_2025-08-03_at_22.21.47_f209589a.jpg","image_by_url":"","title":"Embroidery","description":"<p>Embroidery involves stitching patterns on fabric, offering a durable, sophisticated finish ideal for corporate apparel, high-end products, and intricate details.<br\/><br\/><\/p>","link":"","button_label":"","button_link":"","button_style":"m-button--link","button_size":""}},"iconbox_atHAn8":{"type":"iconbox","settings":{"image":"shopify:\/\/shop_images\/WhatsApp_Image_2025-08-03_at_22.21.47_b22a93f5.jpg","image_by_url":"","title":"Direct to Film","description":"<p>Direct-to-Film (DTF) printing transfers full-color designs onto fabric with heat, ideal for vibrant, durable prints on custom apparel and promotional items.<\/p>","link":"","button_label":"","button_link":"","button_style":"m-button--link","button_size":""}},"iconbox_QUbjPg":{"type":"iconbox","settings":{"image":"shopify:\/\/shop_images\/WhatsApp_Image_2025-08-03_at_22.21.46_4afd6a82.jpg","image_by_url":"","title":"Direct to Garment","description":"<p>Direct-to-Garment (DTG) printing uses water-based inks for detailed prints directly on fabric, perfect for small orders and custom designs on cotton garments.<\/p>","link":"","button_label":"","button_link":"","button_style":"m-button--link","button_size":""}}},"block_order":["iconbox_y8fA7K","iconbox_nHnJXp","iconbox_atHAn8","iconbox_QUbjPg"],"name":"Featured promotion","settings":{"heading":"Explore Services","heading_size":"h2","subheading":"","description":"","header_alignment":"left","container":"container-fluid","color_scheme":"","item_per_row":4,"item_gap":30,"item_gap_mobile":10,"card_color_scheme":"default","card_style":"vertical","image_max_width":"","content_alignment":"center","hover_effect":"scaling-up","enable_slider":false,"show_pagination":false,"show_navigation":false,"use_scroll_mobile":false,"use_grid_column_mb":false,"padding_top":70,"padding_bottom":70,"custom_class":"","animations":"inherit"}},"image_with_text_1_NFeY7p":{"type":"image-with-text-1","blocks":{"item_kLwPEm":{"type":"item","settings":{"color_scheme":"","image":"shopify:\/\/shop_images\/114993_omf_fl.jpg","link":"shopify:\/\/collections\/polos-knits","content_position":"bottom_center","content_alignment":"left","text_size":"medium","text_color":"inherit","title":"","subtitle":"","button_label":"Polo & Knits","button_style":"m-button--primary","button_size":"","button_fixed":false}},"item_xJpzAN":{"type":"item","settings":{"color_scheme":"","image":"shopify:\/\/shop_images\/19746_omf_fl.jpg","link":"shopify:\/\/collections\/hooded","content_position":"center_center","content_alignment":"center","text_size":"medium","text_color":"black","title":"","subtitle":"","button_label":"Hooded","button_style":"m-button--primary","button_size":"","button_fixed":false}},"item_zzchgc":{"type":"item","settings":{"color_scheme":"","image":"shopify:\/\/shop_images\/107296_oms_fl.jpg","link":"shopify:\/\/collections\/sweatshirt","content_position":"center_center","content_alignment":"center","text_size":"medium","text_color":"black","title":"","subtitle":"","button_label":"Sweat Shirt","button_style":"m-button--primary","button_size":"","button_fixed":false}},"item_bG4BWz":{"type":"item","settings":{"color_scheme":"","image":"shopify:\/\/shop_images\/73439_omf_fl.jpg","link":"shopify:\/\/collections\/shirt","content_position":"center_center","content_alignment":"center","text_size":"medium","text_color":"black","title":"","subtitle":"","button_label":"T - Shirts","button_style":"m-button--primary","button_size":"","button_fixed":false}},"item_Jy8aGA":{"type":"item","settings":{"color_scheme":"","image":"shopify:\/\/shop_images\/576_fl.jpg","link":"shopify:\/\/collections\/all","content_position":"center_center","content_alignment":"center","text_size":"medium","text_color":"black","title":"","subtitle":"","button_label":"All Collection","button_style":"m-button--primary","button_size":"","button_fixed":false}}},"block_order":["item_kLwPEm","item_xJpzAN","item_zzchgc","item_bG4BWz","item_Jy8aGA"],"name":"Image cards","settings":{"heading":"Popular Collection","heading_size":"h2","subheading":"","description":"","header_alignment":"left","container":"container-fluid","color_scheme":"","layout":"layout_1","gap":30,"use_scroll_mobile":true,"mobile_gap":10,"padding_top":70,"padding_bottom":70,"custom_class":"","animations":"inherit"}},"image_with_text_2_zB3877":{"type":"image-with-text-2","name":"Image with text overlay","settings":{"color_scheme":"","container":"container-fluid","hero_size":"medium","show_overlay":false,"image":"shopify:\/\/shop_images\/fashionable-men-winter-jacket-with-hooded-sweatshirt-generated-by-ai_fd26f923-bde3-4f16-b575-9595bb6122f2.jpg","image_link":"","parallax":false,"parallax_direction":"vertical","content_in_container":false,"content_position":"center bottom","text_alignment":"center","text_size":"medium","text_color":"white","title":"Focus on Quality & Personalization","subtitle":"","text":"<p>Welcome to Moovogue Custom, your ultimate destination for turning ideas into high-quality wearable art. We believe that apparel should be as unique as the person wearing it. Forget the limits of mass production—here, you are the designer.<\/p>","button_label":"Shop All","button_link":"shopify:\/\/collections\/all","button_style":"m-button--primary","button_size":"","text_alignment_mobile":"center","use_content_above":false,"custom_class":"","animations":"inherit","enable_bg_zoom_effect":false}},"custom_content_btgYN3":{"type":"custom-content","blocks":{"image_ep63qF":{"type":"image","settings":{"image":"shopify:\/\/shop_images\/female-business-owner-working_2.jpg","link":"","width":"50%","alignment":"center","block_custom_class":"","animations":"inherit"}},"text_XR6ymA":{"type":"text","settings":{"title":"Durable Prints, Comfortable Materials","subheading":"Quality You Can Feel","text":"<p>We know that custom apparel needs to look great and last long. That’s why we use cutting-edge printing technology and premium, comfortable blanks for every order.<\/p><p>From the soft feel of our T-shirts to the durability of our bag prints, we guarantee <strong>exceptional quality<\/strong> that stands up to daily wear and washing.<\/p><p>Invest in custom items that reflect your standards. Get professional results for personal use, events, or your growing brand.<\/p>","width":"50%","alignment":"center","align_text":"left","text_size":"medium","text_color":"inherit","button_label":"","button_link":"","button_style":"m-button--primary","button_size":"","block_custom_class":"","animations":"inherit"}}},"block_order":["image_ep63qF","text_XR6ymA"],"disabled":true,"custom_css":[".m-custom-content__wrapper,.m-block-first {position: relative; z-index: 1;}"],"settings":{"heading":"","heading_size":"h2","subheading":"","description":"","header_alignment":"center","container":"container-fluid","color_scheme":"","content_color_scheme":"","enable_parallax":false,"parallax_direction":"vertical","gap":30,"gap_mobile":15,"use_scroll_mobile":false,"padding_top":60,"padding_bottom":50,"custom_class":""}},"rich_text_7aeFm7":{"type":"rich-text","name":"Rich text","settings":{"container":"container","color_scheme":"","content_alignment":"center","padding_top":60,"padding_bottom":0,"custom_class":"","animations":"inherit"}},"custom_content_W3UfgM":{"type":"custom-content","blocks":{"text_87EaYh":{"type":"text","settings":{"title":"Design Custom T-Shirts, Hats & Bags Effortlessly.","subheading":"Your creativity is the only limit","text":"<p><br\/>Our platform puts the power of customization directly into your hands. Whether you are looking to launch a merchandise line, outfit your company staff, or simply create a single, meaningful gift, we make the process effortless. Upload your unique logo, artwork, or favorite quote directly onto our wide range of products, including T-shirts, premium hoodies, durable tote bags, and stylish hats.<br\/><br\/><\/p>","width":"50%","alignment":"center","align_text":"left","text_size":"medium","text_color":"inherit","button_label":"","button_link":"","button_style":"m-button--primary","button_size":"","block_custom_class":"","animations":"inherit"}},"image_pdhd9y":{"type":"image","settings":{"image":"shopify:\/\/shop_images\/female-business-owner-working.jpg","link":"","width":"50%","alignment":"center","block_custom_class":"","animations":"inherit"}}},"block_order":["text_87EaYh","image_pdhd9y"],"disabled":true,"settings":{"heading":"","heading_size":"h2","subheading":"","description":"","header_alignment":"center","container":"container-fluid","color_scheme":"default","content_color_scheme":"","enable_parallax":false,"parallax_direction":"vertical","gap":30,"gap_mobile":15,"use_scroll_mobile":false,"padding_top":50,"padding_bottom":40,"custom_class":""}},"icon_box_C9zdxd":{"type":"icon-box","blocks":{"iconbox_UiRAqc":{"type":"iconbox","settings":{"image":"shopify:\/\/shop_images\/download.png","image_by_url":"","title":"100 Gildan Soft Style Shirts ($499) + Free Shipping -","description":"","link":"","button_label":"Shop Now","button_link":"","button_style":"m-button--link","button_size":""}},"iconbox_pWDjUb":{"type":"iconbox","settings":{"image":"shopify:\/\/shop_images\/PhotoshopExtension_Image_1.png","image_by_url":"","title":"100 Gildan Heavy Blend Hooded Sweatshirt Package","description":"","link":"","button_label":"Shop Now","button_link":"","button_style":"m-button--link","button_size":""}},"iconbox_9Bw7Eb":{"type":"iconbox","settings":{"image":"shopify:\/\/shop_images\/PhotoshopExtension_Image_2.png","image_by_url":"","title":"100 Drawstring Pack with DUROcord","description":"","link":"","button_label":"Shop Now","button_link":"","button_style":"m-button--link","button_size":""}},"iconbox_NRmQYF":{"type":"iconbox","settings":{"image":"shopify:\/\/shop_images\/PhotoshopExtension_Image_3.png","image_by_url":"","title":"24 Embroidered Snapback Trucker Cap Package","description":"","link":"","button_label":"Shop Now","button_link":"","button_style":"m-button--link","button_size":""}}},"block_order":["iconbox_UiRAqc","iconbox_pWDjUb","iconbox_9Bw7Eb","iconbox_NRmQYF"],"name":"Featured promotion","settings":{"heading":"Explore Packages","heading_size":"h2","subheading":"","description":"","header_alignment":"left","container":"container-fluid","color_scheme":"scheme-8cc3361c-7da8-44ae-a11e-5fd263a6f34d","item_per_row":4,"item_gap":30,"item_gap_mobile":10,"card_color_scheme":"scheme-8cc3361c-7da8-44ae-a11e-5fd263a6f34d","card_style":"vertical","image_max_width":"","content_alignment":"center","hover_effect":"scaling-up","enable_slider":false,"show_pagination":false,"show_navigation":false,"use_scroll_mobile":true,"use_grid_column_mb":false,"padding_top":50,"padding_bottom":60,"custom_class":"","animations":"inherit"}},"7ea56e8d-5794-4708-8812-8ee9604a3a21":{"type":"custom-content","blocks":{"video_card_php8xp":{"type":"video_card","settings":{"width":"50%","color_scheme":"","content_position":"center_center","content_alignment":"center","text_size":"h2","text_color":"inherit","shopify_video":"shopify:\/\/files\/videos\/1000032225.mp4","video_ratio":"1:1","link":"","title":"Video card","subtitle":"","description":"","button_label":"Button label","button_style":"m-button--primary","button_size":"","button_fixed":false,"use_content_above":false,"block_custom_class":"","animations":"inherit"}},"5c5877d5-05b2-4a50-81e3-78c3f6d0d833":{"type":"image_card","disabled":true,"settings":{"width":"50%","color_scheme":"scheme-09e5b5b4-774c-4b6c-8025-416ced49cc74","content_position":"bottom_left","content_alignment":"left","text_size":"large","text_color":"white","image":"shopify:\/\/shop_images\/Skeleton_Cartoon_Face_Graphic_Sweatshirt.jpg","link":"","title":"The ReLeather Beige Tennis","subtitle":"New collection","description":"","button_label":"Shop New Collection","button_style":"m-button--primary","button_size":"m-button--large","button_fixed":false,"use_content_above":true,"block_custom_class":"","animations":"inherit"}},"image_card_x6qiFC":{"type":"image_card","settings":{"width":"50%","color_scheme":"scheme-09e5b5b4-774c-4b6c-8025-416ced49cc74","content_position":"bottom_left","content_alignment":"left","text_size":"large","text_color":"white","image":"shopify:\/\/shop_images\/Untitled_design_20.png","link":"","title":"The ReLeather Beige Tennis","subtitle":"New collection","description":"","button_label":"Shop New Collection","button_style":"m-button--primary","button_size":"m-button--large","button_fixed":false,"use_content_above":true,"block_custom_class":"","animations":"inherit"}}},"block_order":["video_card_php8xp","5c5877d5-05b2-4a50-81e3-78c3f6d0d833","image_card_x6qiFC"],"disabled":true,"custom_css":[".container-full {padding-left: 0; padding-right: 0;}",".m-button--fixed {border-color: #e2e2e2; padding: 24px 0; margin-bottom: 24px;}","@media (min-width: 1280px) {.m-image-card__content {padding-top: 115px; }}","@media (max-width: 767px) {.m-button--fixed {border: none; margin-bottom: 0; justify-content: center; column-gap: 12px; } .m-image-card__content {padding-top: 30px; }}"],"settings":{"heading":"","heading_size":"h3","subheading":"","description":"","header_alignment":"center","container":"w-full","color_scheme":"dark","content_color_scheme":"dark","enable_parallax":false,"parallax_direction":"vertical","gap":0,"gap_mobile":0,"use_scroll_mobile":false,"padding_top":0,"padding_bottom":0,"custom_class":"sf-custom--collection-banner"}},"brands_list_XfN79B":{"type":"brands-list","blocks":{"image_DRQGaG":{"type":"image","settings":{"image_by_url":"","image_link":"","max_width":"150px"}},"image_iz6arX":{"type":"image","settings":{"image_by_url":"","image_link":"","max_width":"150px"}},"image_mWnYAa":{"type":"image","settings":{"image_by_url":"","image_link":"","max_width":"150px"}},"image_GkqNqL":{"type":"image","settings":{"image_by_url":"","image_link":"","max_width":"150px"}},"image_VKAxfW":{"type":"image","settings":{"image_by_url":"","image_link":"","max_width":"150px"}},"image_9dYQ7c":{"type":"image","settings":{"image_by_url":"","image_link":"","max_width":"150px"}}},"block_order":["image_DRQGaG","image_iz6arX","image_mWnYAa","image_GkqNqL","image_VKAxfW","image_9dYQ7c"],"disabled":true,"custom_css":[".m-section__heading {font-size: 18px; font-weight: 500;}","@media (max-width: 767px) {.m-brands-list__inner {grid-template-columns: repeat(3, minmax(0, 1fr)); }}"],"settings":{"heading":"Featured in Press","heading_size":"h3","subheading":"","header_alignment":"center","container":"container-fluid","color_scheme":"","item_per_row":6,"column_gap":0,"row_gap":30,"column_gap_mobile":10,"row_gap_mobile":10,"enable_slider":false,"show_nav":false,"show_pagination":false,"autorotate":false,"autorotate_speed":3,"padding_top":100,"padding_bottom":80,"custom_class":"","animations":"inherit"}},"custom_content_xALaMf":{"type":"custom-content","blocks":{"html_gbT3c7":{"type":"html","settings":{"code":"<div class=\"m-divider\"><\/div>","width":"100%","block_custom_class":"","animations":"inherit"}}},"block_order":["html_gbT3c7"],"custom_css":[".m-divider {height: 1px; width: 100%; background: rgb(var(--color-border));}"],"settings":{"heading":"","heading_size":"h3","subheading":"","description":"","header_alignment":"center","container":"container-fluid","color_scheme":"","content_color_scheme":"","enable_parallax":false,"parallax_direction":"vertical","gap":30,"gap_mobile":16,"use_scroll_mobile":false,"padding_top":0,"padding_bottom":0,"custom_class":""}},"custom_content_f3reLw":{"type":"custom-content","blocks":{"text_DppTKH":{"type":"text","settings":{"title":"The Coastal Edition","subheading":"","text":"<p>Our new cozy collection is made with environmentally friendly materials and<br\/> simple to care for so you can stay cozy wherever.<\/p>","width":"100%","alignment":"center","align_text":"center","text_size":"large","text_color":"inherit","button_label":"Shop Now","button_link":"","button_style":"m-button--secondary","button_size":"","block_custom_class":"","animations":"inherit"}}},"block_order":["text_DppTKH"],"disabled":true,"settings":{"heading":"","heading_size":"h3","subheading":"","description":"","header_alignment":"center","container":"container-fluid","color_scheme":"","content_color_scheme":"","enable_parallax":false,"parallax_direction":"vertical","gap":0,"gap_mobile":16,"use_scroll_mobile":false,"padding_top":100,"padding_bottom":0,"custom_class":""}},"16225125199f82d8fe":{"type":"icon-box","blocks":{"16225125199f82d8fe-0":{"type":"iconbox","settings":{"image":"shopify:\/\/shop_images\/shopping-cart.png","image_by_url":"","title":"Fast Shipping","description":"","link":"","button_label":"","button_link":"","button_style":"sf__btn-link","button_size":""}},"16225125199f82d8fe-1":{"type":"iconbox","settings":{"image":"shopify:\/\/shop_images\/quality.png","image_by_url":"","title":"Reliable Services","description":"","link":"","button_label":"","button_link":"","button_style":"sf__btn-link","button_size":""}},"16225125199f82d8fe-2":{"type":"iconbox","settings":{"image":"shopify:\/\/shop_images\/headphone.png","image_by_url":"","title":"Online Support","description":"","link":"","button_label":"","button_link":"","button_style":"sf__btn-link","button_size":""}},"71deafbb-3baf-443a-a087-3f7b8af7b9fa":{"type":"iconbox","settings":{"image":"shopify:\/\/shop_images\/security.png","image_by_url":"","title":"Flexible Payment","description":"","link":"","button_label":"","button_link":"","button_style":"sf__btn-link","button_size":""}}},"block_order":["16225125199f82d8fe-0","16225125199f82d8fe-1","16225125199f82d8fe-2","71deafbb-3baf-443a-a087-3f7b8af7b9fa"],"custom_css":[".m-icon-box__icon {margin-right: 12px;}"],"settings":{"heading":"","heading_size":"h3","subheading":"","description":"","header_alignment":"center","container":"container-fluid","color_scheme":"default","item_per_row":4,"item_gap":30,"item_gap_mobile":10,"card_color_scheme":"","card_style":"horizontal","image_max_width":"60px","content_alignment":"center","hover_effect":"scaling-down","enable_slider":true,"show_pagination":false,"show_navigation":false,"use_scroll_mobile":false,"use_grid_column_mb":true,"padding_top":46,"padding_bottom":46,"custom_class":"m-icon-box--small","animations":"inherit"}},"ss_wave_2_PMntga":{"type":"ss-wave-2","name":"SS - Wave #2","settings":{"wave_height":120,"wave_height_mobile":80,"wave_animation":true,"wave_rotate":false,"wave_color":"#333333","background_color":"#ffffff","background_gradient":"","border_color":"#333333","margin_top":36,"margin_bottom":0,"padding_top":0,"padding_bottom":0,"padding_horizontal":0,"padding_horizontal_mobile":0,"full_width":true,"content_width":120,"border_thickness":0}},"newsletter_HVBhHV":{"type":"newsletter","name":"Newsletter","settings":{"container":"container-fluid","color_scheme":"footer","form_layout":"vertical","form_design":"2","heading":"Join Our Email  List ✉️","description":"<p>Get exclusive deals and early access to new products.<\/p>","text_size":"h2","email_placeholder":"Enter your email","submit_button":"Subscribe","text_color":"inherit","show_icon":false,"icon_img_width":"30","show_agreement":false,"padding_top":50,"padding_bottom":50,"custom_class":"","animations":"inherit"}}},"order":["1764195003e73c61c9","ss_wave_2_AC9bV3","1621243260e1af0c20","scrolling_promotion_jjrFyf","16225316461d1cff80","ss_wave_2_b34ink","162251092958fcda7c","icon_box_QcMbnT","image_with_text_1_NFeY7p","image_with_text_2_zB3877","custom_content_btgYN3","rich_text_7aeFm7","custom_content_W3UfgM","icon_box_C9zdxd","7ea56e8d-5794-4708-8812-8ee9604a3a21","brands_list_XfN79B","custom_content_xALaMf","custom_content_f3reLw","16225125199f82d8fe","ss_wave_2_PMntga","newsletter_HVBhHV"]}