{"sections":{"main":{"type":"page-contact","settings":{"container":"container"}},"contact-form":{"type":"contact-form","blocks":{"text-block-1":{"type":"textblock","disabled":true,"settings":{"title":"Address","content":"<p>7895 Piermont Dr NE Albuquerque, NM 198866, <a href=\"#\">See Our Stores<\/a><\/p>"}},"text-block-2":{"type":"textblock","disabled":true,"settings":{"title":"Information","content":"<p>+391 (0)35 2568 4593<\/p><p>hello@domain.com<\/p>"}},"text-block-3":{"type":"socialmedia","disabled":true,"settings":{"title":"Social Media"}},"text-block-4":{"type":"textblock","disabled":true,"settings":{"title":"We're Open","content":"<p>Our store has re-opened for shopping, exchanges<\/p><p>Every day 11am to 7pm<\/p>"}}},"block_order":["text-block-1","text-block-2","text-block-3","text-block-4"],"settings":{"container":"w-full","title":"We would love to hear from you.","description":"<p>If you’ve got great products your making or looking to work with us then drop us a line.<\/p>","show_name":true,"show_phone":true,"show_signup_email":true,"animations":"inherit"}}},"order":["main","contact-form"]}