{"sections":{"breadcrumb_RHyjx4":{"type":"breadcrumb","settings":{"container":"container","text_alignment":"center","hide_current":false,"hide_on_mb":false,"animations":"inherit"}},"custom_content_tAfTRN":{"type":"custom-content","settings":{"heading":"FAQs","heading_size":"h2","subheading":"","description":"","header_alignment":"center","container":"container-fluid","color_scheme":"","content_color_scheme":"","enable_parallax":false,"parallax_direction":"vertical","gap":30,"gap_mobile":16,"use_scroll_mobile":false,"padding_top":30,"padding_bottom":30,"custom_class":""}},"main":{"type":"page-faqs","blocks":{"accordion-1":{"type":"accordion","settings":{"title":"What currency are the prices do I see in the site?","content":"<p>All prices are in USD.<br\/><br\/><\/p>","open":true}},"accordion-2":{"type":"accordion","settings":{"title":"I just placed an order, when will it ship?","content":"<p>We try our best to ship items as fast as we can. Please allow 4-7 days production time for your order to ship out, average shipping times are 15-21 days.<br\/>Tracking numbers will be updated 3-5 days after your order has been SHIPPED. If you don't have a tracking number after 7 business please email us at  info@moovogue.com<br\/><br\/><\/p>","open":false}},"accordion-3":{"type":"accordion","settings":{"title":"I am not in love with my order, can it be returned? What if there is an issue?","content":"<p>We offer a 100 % money back guarantee, if the product is defective or damaged. We give you 30 days to send it back to us for a full refund. You must ship it back at your own expense, once we have received the product we will refund the full amount of your original purchase. Please Include all a name and order number on the returned parcels.<br\/>Please note: If you your package is on the way, you must wait for it to arrive and return it before receiving a refund.<br\/><br\/><\/p>","open":false}},"accordion-4":{"type":"accordion","settings":{"title":"Can I cancel my order?","content":"<p>You are able to cancel your order with no penalty! You must cancel your order before it ships. If the item is already sent please use our easy return system to get a full refund.<\/p>","open":false}},"accordion-5":{"type":"accordion","settings":{"title":"I have entered an incorrect address what do I do now?","content":"<p>If you have miss spelled or auto filled in a incorrect address, simply reply to your order conformation email and confirm. Once you double check if the address given is wrong kindly notify us via email at info@moovogue.com. If the given address is wrong we can change the address to the correct one within 24 hours. No refund will be given after the 24 hours of incorrect submission.<\/p>","open":false}},"accordion_jPfLFp":{"type":"accordion","settings":{"title":"How long does shipping take?","content":"<p>Shipping times vary as we do ship worldwide from different fulfillment centers based on your location. The average shipping time is 15-25 business days.<\/p>","open":false}},"accordion_wCk7ag":{"type":"accordion","settings":{"title":"I have a question that wasn't answered, can you please help?","content":"<p>Absolutely! We are here to help you make your home beautiful! Please send us an email to info@moovogue.com and we will be happy to assist you in any way we can.<br\/>We do receive a large number of emails, If you wish to get a prompt response please attach your order number and address the problem clearly, thanks.<\/p>","open":false}},"accordion_cqLxNk":{"type":"accordion","disabled":true,"settings":{"title":"Question Name","content":"<p>Answer Content<\/p>","open":false}}},"block_order":["accordion-1","accordion-2","accordion-3","accordion-4","accordion-5","accordion_jPfLFp","accordion_wCk7ag","accordion_cqLxNk"],"settings":{"container":"container-fluid","color_scheme":"","menu":"","custom_class":""}}},"order":["breadcrumb_RHyjx4","custom_content_tAfTRN","main"]}