{"sections":{"main":{"type":"page","disabled":true,"settings":{}},"custom_content_i78ren":{"type":"custom-content","blocks":{"text_rwTryR":{"type":"text","settings":{"title":"Coming  Soon","subheading":"","text":"","width":"100%","alignment":"center","align_text":"center","text_size":"medium","text_color":"inherit","button_label":"","button_link":"","button_style":"m-button--primary","button_size":"","block_custom_class":"","animations":"inherit"}}},"block_order":["text_rwTryR"],"name":"Custom content","settings":{"heading":"","heading_size":"h3","subheading":"","description":"","header_alignment":"center","container":"container-fluid","color_scheme":"","content_color_scheme":"","enable_parallax":false,"parallax_direction":"vertical","gap":30,"gap_mobile":16,"use_scroll_mobile":false,"padding_top":100,"padding_bottom":100,"custom_class":""}}},"order":["main","custom_content_i78ren"]}