{"layout":"password","sections":{"main":{"type":"password-template","settings":{"bg_color":"#f5f1ed","show_logo":true,"image_l":"shopify:\/\/shop_images\/rounded.png","logo_max_width":"175","t1":"Website is coming soon","t2":"Successful brands get into the mind slowly. A blurb in a magazine. A mention in a newspaper. A comment from a friend.","show_n":true,"n_t1":"Subscribe to our newsletter","n_t2":"Enter your e-mail","show_p":true,"p_t1":"Enter the password to get access to the site","p_t2":"Enter Password","f_t1":"&copy; moovogue, All Rights Reserved."}}},"order":["main"]}