{"sections":{"breadcrumb":{"type":"breadcrumb","settings":{"container":"container","text_alignment":"center","hide_current":false,"hide_on_mb":false,"animations":"inherit"}},"main":{"type":"main-product","blocks":{"badge_ChqgGj":{"type":"badge","settings":{}},"title":{"type":"title","settings":{}},"price":{"type":"price","settings":{"show_saving":false,"sale_badge_type":"percentage"}},"variant_picker":{"type":"variant_picker","settings":{"size_title":"Size"}},"buy_buttons":{"type":"buy_buttons","settings":{"show_quantity_selector":true,"show_atc_button":true,"show_dynamic_checkout":true,"show_gift_card_recipient":true}},"collapsible_tab_TPie6i":{"type":"collapsible_tab","settings":{"heading":"Description","content":"{{ product.description }}","liquid":"","default_open":true}},"trust_badge_NyBMd4":{"type":"trust_badge","settings":{"trust_badges_text":"<p>Guarantee safe & secure checkout<\/p>","trust_badges_image_width":"60%","position":"below"}}},"block_order":["badge_ChqgGj","title","price","variant_picker","buy_buttons","collapsible_tab_TPie6i","trust_badge_NyBMd4"],"settings":{"container":"container-fluid","layout":"layout-1","show_atwl":false,"enable_history_state":false,"enable_variant_group_images":false,"disable_selected_variant_default":false,"show_featured_media":true,"show_zoom_button":true,"enable_video_autoplay":true,"show_nav_media_mobile":false,"show_pagination_mobile":true,"use_sticky_atc":false,"use_sticky_atc_on_mobile":false,"enable_dynamic_checkout":false,"sticky_atc_wishtlist":false,"sticky_atc_compare":false}},"product-details-tabs":{"type":"product-details-tabs","blocks":{"description":{"type":"description","settings":{"header":"Product description"}}},"block_order":["description"],"disabled":true,"custom_css":[".m-tabs__header {justify-content: flex-start;}"],"settings":{"container":"container","color_scheme":"","default_open":true,"padding_top":0,"padding_bottom":50,"custom_class":"","animations":"inherit"}},"collapsible_tabs_JndiBV":{"type":"collapsible-tabs","blocks":{"item_bHzngY":{"type":"item","settings":{"header":"How long does it take to process an order?","text_size":"h4","content":"<p>All the details you love about the original—with a fresh flared block heel and modern square toe. Expertly crafted using soft Nappa leather, this essential style molds and moves with you to keep you comfortably on your feet all day (and night). This boot uses leather sourced from a Leather Working Group-approved trader. The Leather Working Group (LWG) Audit Standards provide transparency and accountability within the leather supply chain—covering energy and water usage.<\/p>","content_page":"","open":true}},"item_RGMrHr":{"type":"item","settings":{"header":"Do you ship internationally?","text_size":"h4","content":"<p>All the details you love about the original—with a fresh flared block heel and modern square toe. Expertly crafted using soft Nappa leather, this essential style molds and moves with you to keep you comfortably on your feet all day (and night). This boot uses leather sourced from a Leather Working Group-approved trader. The Leather Working Group (LWG) Audit Standards provide transparency and accountability within the leather supply chain—covering energy and water usage.<\/p>","content_page":"","open":false}},"item_nceVP8":{"type":"item","settings":{"header":"What is your return policy?","text_size":"h4","content":"<p>All the details you love about the original—with a fresh flared block heel and modern square toe. Expertly crafted using soft Nappa leather, this essential style molds and moves with you to keep you comfortably on your feet all day (and night). This boot uses leather sourced from a Leather Working Group-approved trader. The Leather Working Group (LWG) Audit Standards provide transparency and accountability within the leather supply chain—covering energy and water usage.<\/p>","content_page":"","open":false}},"item_NQRQAp":{"type":"item","settings":{"header":"What are your sizing options?","text_size":"h4","content":"<p>All the details you love about the original—with a fresh flared block heel and modern square toe. Expertly crafted using soft Nappa leather, this essential style molds and moves with you to keep you comfortably on your feet all day (and night). This boot uses leather sourced from a Leather Working Group-approved trader. The Leather Working Group (LWG) Audit Standards provide transparency and accountability within the leather supply chain—covering energy and water usage.<\/p>","content_page":"","open":false}}},"block_order":["item_bHzngY","item_RGMrHr","item_nceVP8","item_NQRQAp"],"disabled":true,"custom_css":[".m-collapsible--button {font-weight: 400;}",".m-collapsible + .m-collapsible {margin-top: 20px; display: block;}",".m-collapsible--content__inner {padding-bottom: 0; color: rgb(var(--color-foreground-secondary));}"],"settings":{"container":"container","color_scheme":"","image_position":"left","column_gap":100,"heading":"Discover more in our FAQ","heading_size":"h3","subheading":"","description":"","header_alignment":"center","padding_top":100,"padding_bottom":0,"animations":"inherit","custom_class":""}},"product-recommendations":{"type":"product-recommendations","disabled":true,"settings":{"container":"container-fluid","color_scheme":"","remove_params":false,"heading":"You Might Also Like","heading_size":"h3","text_align":"center","limit":8,"columns":5,"column_gap":30,"enable_slider":true,"use_scroll_mobile":true,"padding_top":100,"padding_bottom":100,"custom_class":"","animations":"inherit"}},"recent-viewed-products":{"type":"recent-viewed-products","settings":{"container":"container-fluid","color_scheme":"","heading":"Recently Viewed Products","heading_size":"h3","text_align":"center","limit":8,"columns":5,"column_gap":30,"pcard_layout":"","pcard_image_ratio":"","show_vendor":false,"hide_title":false,"enable_slider":true,"show_pagination":false,"show_navigation":false,"mobile_disable_slider":false,"use_scroll_mobile":true,"item_gap_mobile":16,"padding_top":0,"padding_bottom":100,"custom_class":"","animations":"inherit"}}},"order":["breadcrumb","main","product-details-tabs","collapsible_tabs_JndiBV","product-recommendations","recent-viewed-products"]}